,Année,Max_High
0,2012,77.599998
1,2013,81.370003
2,2014,88.089996
3,2015,90.970001
4,2016,75.190002
